date,clones,unique_cloners
2026-06-24,0,0
2026-06-25,0,0
2026-06-26,0,0
2026-06-27,0,0
2026-06-28,0,0
2026-06-29,0,0
2026-06-30,0,0
2026-07-01,0,0
2026-07-02,0,0
2026-07-03,0,0
2026-07-04,0,0
2026-07-05,0,0
2026-07-06,1,1
2026-07-07,151,62
2026-07-08,41,21
2026-07-09,6,5
2026-07-10,29,13
2026-07-11,9,8
2026-07-12,14,9
2026-07-13,7,6
2026-07-14,15,11
2026-07-15,9,5
2026-07-16,3,2
2026-07-17,15,9
2026-07-18,5,4
2026-07-19,13,8
2026-07-20,6,5
2026-07-21,12,6
2026-07-22,7,6
2026-07-23,6,4
2026-07-24,8,7
2026-07-25,12,7
2026-07-26,6,5
2026-07-27,8,7
2026-07-28,5,4
2026-07-29,5,3
2026-07-30,14,8
2026-07-31,4,3
2026-08-01,4,3
2026-08-02,1,1
2026-08-03,3,2
2026-08-04,8,5
2026-08-05,15,9
2026-08-06,3,2
2026-08-07,2,1
2026-08-08,7,6
